{"Run reward": 27.26999999999988, "_timestamp": 1693323376.717576, "_runtime": 147.9044589996338, "_step": 7}