{"Run reward": 2.099999999999999, "_timestamp": 1694164555.8104076, "_runtime": 439.8758726119995, "_step": 25}