{"Run reward": 167.12000000000094, "_timestamp": 1696155830.8411727, "_runtime": 576.3458116054535, "_step": 2}