{"Run reward": 101.34999999999998, "_timestamp": 1695569950.2245128, "_runtime": 208.59895372390747, "_step": 2}