{"Run reward": -8.42, "_timestamp": 1696171491.6178138, "_runtime": 3767.5954599380493, "_step": 145}