{"Run reward": 0.01, "_timestamp": 1694280586.721918, "_runtime": 6683.712485074997, "_step": 516}