{"Run reward": 1.6600000000000013, "_timestamp": 1694186000.543111, "_runtime": 278.9794430732727, "_step": 18}