{"Run reward": 0.20002473599086673, "_timestamp": 1694261638.159762, "_runtime": 37.41734981536865, "_step": 2}