{"Run reward": 2.3800000000000003, "_timestamp": 1696324879.6968038, "_runtime": 188.34449887275696, "_step": 6}