{"Run reward": 0.08, "_timestamp": 1692893480.6830277, "_runtime": 22.687275648117065, "_step": 1}