{"Run reward": 0.5200000000000002, "_timestamp": 1694160279.8156629, "_runtime": 608.3097589015961, "_step": 45}