{"Run reward": 0.02, "_timestamp": 1694544350.1879709, "_runtime": 33.123708963394165, "_step": 1}