{"Run reward": 27.270000000000024, "_timestamp": 1693321277.682309, "_runtime": 630.9093248844147, "_step": 17}