{"Run reward": 2.5599999999999916, "_timestamp": 1693324754.4218452, "_runtime": 88.91503715515137, "_step": 5}