{"Run reward": 206.24518876686736, "_timestamp": 1694766116.4024827, "_runtime": 2732.9563117027283, "_step": 37}