{"Run reward": 4.069999999999982, "_timestamp": 1694631119.5020237, "_runtime": 414.66441774368286, "_step": 5}