{"Run reward": 0.0, "_timestamp": 1692866074.6361868, "_runtime": 11.322885751724243, "_step": 0}