{"Run reward": 120.10000000000002, "_timestamp": 1694629198.7253008, "_runtime": 42.28874182701111, "_step": 0}