{"Run reward": 3.719999999999992, "_timestamp": 1693319951.035248, "_runtime": 363.3684821128845, "_step": 21}