{"Run reward": 43.87999999999996, "_timestamp": 1696160106.7761126, "_runtime": 87.0636715888977, "_step": 1}