{"Run reward": 291.82000000000147, "_timestamp": 1696219561.2699306, "_runtime": 158.89892768859863, "_step": 1}