{"Run reward": 6.379999999999992, "_timestamp": 1696324383.4207025, "_runtime": 208.19778537750244, "_step": 7}