{"Run reward": 151.4399999999999, "_timestamp": 1695066525.4258037, "_runtime": 856.6877946853638, "_step": 8}