{"Run reward": 0.8500000000000003, "_timestamp": 1693387330.6287336, "_runtime": 131.67682671546936, "_step": 9}