{"Run reward": 37.480000000000125, "_timestamp": 1694630156.0310502, "_runtime": 421.5756893157959, "_step": 5}