{"Run reward": 2.4099999999999997, "_timestamp": 1693772930.4076388, "_runtime": 90.29373788833618, "_step": 6}