{"Run reward": 0.07, "_timestamp": 1694187921.3018234, "_runtime": 114.99318146705627, "_step": 4}