{"Run reward": 53.230000000000636, "_timestamp": 1694293843.9883163, "_runtime": 24027.963554382324, "_step": 258}