{"Run reward": 44.170000000000066, "_timestamp": 1696668931.9495924, "_runtime": 1757.650464296341, "_step": 89}