{"Run reward": 0.6200000000000003, "_timestamp": 1693772450.6332386, "_runtime": 182.02207255363464, "_step": 14}