{"Run reward": 20.039999999999964, "_timestamp": 1694688366.8158615, "_runtime": 1067.915435552597, "_step": 14}