{"Run reward": 53.50000000000028, "_timestamp": 1695193531.68848, "_runtime": 384.06556582450867, "_step": 7}