{"Run reward": 1.404325513196482, "_timestamp": 1694018379.2219036, "_runtime": 558.2616565227509, "_step": 17}