{"Run reward": 19.829999999999902, "_timestamp": 1694681317.0705729, "_runtime": 244.98422980308533, "_step": 3}