{"Run reward": -6.199999999999988, "_timestamp": 1696671212.8994308, "_runtime": 284.73484778404236, "_step": 21}