{"Run reward": -8.214431818181811, "_timestamp": 1693985160.4724119, "_runtime": 98.63842487335205, "_step": 4}