{"Run reward": 0.6000000000000003, "_timestamp": 1692826444.3259366, "_runtime": 449.21489453315735, "_step": 34}