{"Run reward": -3.2299999999999933, "_timestamp": 1696174163.7068965, "_runtime": 1483.2571904659271, "_step": 60}