{"Run reward": -0.4373527968350951, "_timestamp": 1694033807.4458373, "_runtime": 4523.493135213852, "_step": 308}