{"Run reward": 84.11999999999972, "_timestamp": 1695067676.0683098, "_runtime": 604.8839046955109, "_step": 6}