{"Run reward": 77.55999999999995, "_timestamp": 1694868141.084884, "_runtime": 5820.807689905167, "_step": 33, "_wandb": {"runtime": 83283}}