{"Run reward": 110.0999999999998, "_timestamp": 1694686548.9534178, "_runtime": 37.56014966964722, "_step": 0}