{"Run reward": 150.2200000000003, "_timestamp": 1695069504.643135, "_runtime": 635.4504330158234, "_step": 6}