{"Run reward": -0.8550000000000006, "_timestamp": 1694076092.1176906, "_runtime": 99.63378667831421, "_step": 8}