{"Run reward": 13.579999999999968, "_timestamp": 1696185772.1684644, "_runtime": 460.885071516037, "_step": 3}