{"Run reward": 0.47000000000000025, "_timestamp": 1692865021.1332088, "_runtime": 862.8942677974701, "_step": 70}