{"Run reward": 27.72000000000014, "_timestamp": 1694585325.5920558, "_runtime": 39661.05309486389, "_step": 459}