{"Run reward": -8.549999999999986, "_timestamp": 1693939343.0408776, "_runtime": 44.62217950820923, "_step": 3}