{"Run reward": 0.8800000000000006, "_timestamp": 1693325584.7347012, "_runtime": 47.06968116760254, "_step": 3}