{"Run reward": 2.11, "_timestamp": 1693764725.680405, "_runtime": 120.06614279747009, "_step": 4}