{"Run reward": 40.400338977277414, "_timestamp": 1694804254.233742, "_runtime": 13210.897326946259, "_step": 176}