{"Run reward": 257.2700000000017, "_timestamp": 1695133216.348497, "_runtime": 233.36635088920593, "_step": 2}