{"Run reward": 2.3199999999999976, "_timestamp": 1692823711.4151096, "_runtime": 270.44826459884644, "_step": 19}