{"Run reward": 0.7000000000000004, "_timestamp": 1693765988.587549, "_runtime": 127.84251594543457, "_step": 9}