{"Run reward": 63.20000000000038, "_timestamp": 1694684092.6152847, "_runtime": 197.66977167129517, "_step": 2}