{"Run reward": 19.149999999999952, "_timestamp": 1694629655.8663113, "_runtime": 154.46525239944458, "_step": 2}