{"Run reward": 0.09, "_timestamp": 1693253124.5768914, "_runtime": 99.86890244483948, "_step": 5}