{"Run reward": 0.8200000000000005, "_timestamp": 1692815912.4150453, "_runtime": 640.1714563369751, "_step": 48}