{"Run reward": 0.43000000000000016, "_timestamp": 1694079492.986779, "_runtime": 129.62441897392273, "_step": 9}