{"Run reward": 19.309999999999953, "_timestamp": 1693901421.0457704, "_runtime": 213.96034836769104, "_step": 4}