{"Run reward": 0.3650000000000002, "_timestamp": 1693947172.4415314, "_runtime": 356.86937737464905, "_step": 29}