{"Run reward": 0.34000000000000014, "_timestamp": 1693320555.267921, "_runtime": 35.452378034591675, "_step": 1}