{"Run reward": 8.44999999999994, "_timestamp": 1692898835.0843163, "_runtime": 153.59642934799194, "_step": 5}