{"Run reward": 388.45000000000005, "_timestamp": 1696239647.8494134, "_runtime": 19357.996727466583, "_step": 305}