{"Run reward": 18.02999999999987, "_timestamp": 1693161993.316839, "_runtime": 294.997111082077, "_step": 8}