{"Run reward": 7.3599999999999595, "_timestamp": 1694187179.758378, "_runtime": 807.2922360897064, "_step": 33}