{"Run reward": 116.9616242411459, "_timestamp": 1694776130.2651365, "_runtime": 7143.215810537338, "_step": 97}