{"Run reward": 2.751961754352585, "_timestamp": 1694262100.5122645, "_runtime": 327.07093048095703, "_step": 31}