{"Run reward": 262.22000000000145, "_timestamp": 1696155155.776223, "_runtime": 1443.6973938941956, "_step": 9}