{"Run reward": 1.530000000000001, "_timestamp": 1692892963.9313116, "_runtime": 130.96279048919678, "_step": 8}