{"Run reward": 0.36000000000000015, "_timestamp": 1692824020.6660895, "_runtime": 132.3553545475006, "_step": 9}