{"Run reward": 2.1199999999999988, "_timestamp": 1693772234.290447, "_runtime": 412.97821402549744, "_step": 27}