{"Run reward": 0.0, "_timestamp": 1692866222.4492397, "_runtime": 12.578500747680664, "_step": 0}