{"Run reward": 26.629999999999924, "_timestamp": 1693325415.7510915, "_runtime": 492.7455484867096, "_step": 12}