{"Run reward": 242.42000000000192, "_timestamp": 1696080438.1419442, "_runtime": 565.608213186264, "_step": 5}