{"Run reward": 2.8499999999999908, "_timestamp": 1692841510.445916, "_runtime": 14961.143724918365, "_step": 1062, "_wandb": {"runtime": 14959}}