{"Run reward": 2.109999999999999, "_timestamp": 1694159427.2435758, "_runtime": 93.31557989120483, "_step": 5}