{"Run reward": 35.330000000000155, "_timestamp": 1694694405.8963509, "_runtime": 439.50836396217346, "_step": 7}