{"Run reward": 81.2699999999999, "_timestamp": 1695844815.9097512, "_runtime": 147.73984217643738, "_step": 1}