{"Run reward": 30.200000000000028, "_timestamp": 1694632087.3839219, "_runtime": 332.6881318092346, "_step": 5}