{"Run reward": 6.649999999999955, "_timestamp": 1693772736.369353, "_runtime": 250.11488699913025, "_step": 9}