{"Run reward": 107.54999999999991, "_timestamp": 1695068224.9498155, "_runtime": 493.95444655418396, "_step": 4}