{"Run reward": -1.310000000000001, "_timestamp": 1694768909.6185803, "_runtime": 12.717113256454468, "_step": 0}