{"Run reward": -0.2600000000000004, "_timestamp": 1696323978.070529, "_runtime": 197.0093870162964, "_step": 9}