{"Run reward": -13.529999999999916, "_timestamp": 1696154374.8265145, "_runtime": 79.8437135219574, "_step": 1}