{"Run reward": 25.820645161290425, "_timestamp": 1693948605.800075, "_runtime": 941.6529581546783, "_step": 31}