{"Run reward": -0.6735557184750693, "_timestamp": 1694020274.9309838, "_runtime": 208.61121368408203, "_step": 14}