{"Run reward": -0.6869897090490257, "_timestamp": 1694028175.0359418, "_runtime": 72.45176792144775, "_step": 5}