{"Run reward": 0.17, "_timestamp": 1693765832.5973783, "_runtime": 586.6799001693726, "_step": 14}