{"Run reward": 9.349999999999975, "_timestamp": 1693163345.4681976, "_runtime": 369.36367559432983, "_step": 14}