{"Run reward": -0.4400000000000003, "_timestamp": 1696325055.8043165, "_runtime": 121.62705755233765, "_step": 8}