{"Run reward": 168.93000000000063, "_timestamp": 1696157312.112317, "_runtime": 776.1165571212769, "_step": 3}