{"Run reward": 4.869999999999963, "_timestamp": 1692898380.6503336, "_runtime": 217.917644739151, "_step": 11}