{"Run reward": -0.8550000000000006, "_timestamp": 1694076186.6132052, "_runtime": 22.47326111793518, "_step": 1}