{"Run reward": 1.9900000000000013, "_timestamp": 1693902490.5463583, "_runtime": 46.689229249954224, "_step": 3}