{"Run reward": -0.4760997067448685, "_timestamp": 1694026862.0686042, "_runtime": 6342.638281345367, "_step": 378}