{"Run reward": 4.55999999999998, "_timestamp": 1692822373.998615, "_runtime": 36.22398900985718, "_step": 1}