{"Run reward": 135.6350000000005, "_timestamp": 1695113802.6146762, "_runtime": 1426.6201491355896, "_step": 16}