{"Run reward": 8.425000000000004, "_timestamp": 1695113884.6619675, "_runtime": 22.729248523712158, "_step": 1}