{"Run reward": -13.770000000000078, "_timestamp": 1696239839.5592878, "_runtime": 51.577579736709595, "_step": 3}