{"Run reward": 0.23000000000000007, "_timestamp": 1693165074.6167986, "_runtime": 580.6403706073761, "_step": 10}