{"Run reward": 8.889999999999986, "_timestamp": 1693163893.5928245, "_runtime": 522.4033715724945, "_step": 10}