{"Run reward": 31.999999999999883, "_timestamp": 1694694568.4089413, "_runtime": 104.3104772567749, "_step": 1}