{"Run reward": 72.58000000000004, "_timestamp": 1695115011.7675228, "_runtime": 79.35219073295593, "_step": 1}