{"Run reward": 23.679999999999907, "_timestamp": 1694685906.2174766, "_runtime": 512.6485805511475, "_step": 6}