{"Run reward": 0.02, "_timestamp": 1693387621.2070208, "_runtime": 153.87324786186218, "_step": 7}