{"Run reward": 1.1300000000000008, "_timestamp": 1692822738.5378554, "_runtime": 294.9812242984772, "_step": 22}