{"Run reward": 28.429999999999986, "_timestamp": 1696151799.7773602, "_runtime": 118.42127823829651, "_step": 2}