{"Run reward": 6.779999999999998, "_timestamp": 1696165475.1394935, "_runtime": 3712.5419154167175, "_step": 19}