{"Run reward": -2.1374999999999966, "_timestamp": 1694020495.1278713, "_runtime": 191.28545928001404, "_step": 16}