{"Run reward": 207.18000000000166, "_timestamp": 1695724335.727418, "_runtime": 532.9056780338287, "_step": 3}