{"Run reward": 95.19999999999999, "_timestamp": 1695724647.641828, "_runtime": 194.13074207305908, "_step": 3}