{"Run reward": 0.6900000000000004, "_timestamp": 1694078602.2377367, "_runtime": 117.4141297340393, "_step": 6}