{"Run reward": 2.4299999999999944, "_timestamp": 1692906220.030264, "_runtime": 324.6208620071411, "_step": 16}