{"Run reward": -0.8200000000000007, "_timestamp": 1696324113.9906743, "_runtime": 15.642978191375732, "_step": 0}