{"Run reward": 4.529999999999996, "_timestamp": 1693938566.9613588, "_runtime": 2586.031550884247, "_step": 60}