{"Run reward": 41.97999999999991, "_timestamp": 1695114908.3176272, "_runtime": 83.94522213935852, "_step": 2}