{"Run reward": 78.57999999999996, "_timestamp": 1695132952.685297, "_runtime": 454.64054012298584, "_step": 5}