{"Run reward": -8.34552785923753, "_timestamp": 1693985033.3935626, "_runtime": 45.14729046821594, "_step": 3}