{"Run reward": 0.5100000000000002, "_timestamp": 1693900466.097761, "_runtime": 107.02523183822632, "_step": 7}