{"Run reward": 0.29000000000000015, "_timestamp": 1694269372.8912227, "_runtime": 367.0089228153229, "_step": 31}