{"Run reward": 263.37000000000086, "_timestamp": 1695059698.13285, "_runtime": 526.3190670013428, "_step": 5}