{"Run reward": 96.01603401012706, "_timestamp": 1694779800.6729527, "_runtime": 264.75411558151245, "_step": 2}