{"Run reward": 201.71000000000208, "_timestamp": 1696149870.5476568, "_runtime": 1192.036685705185, "_step": 7}