{"Run reward": 1.7900000000000014, "_timestamp": 1694081156.4032774, "_runtime": 959.8272964954376, "_step": 65}