{"Run reward": -4.649999999999993, "_timestamp": 1695754225.0257518, "_runtime": 9.48840594291687, "_step": 0}