{"Run reward": -1.9649999999999945, "_timestamp": 1695124629.3699813, "_runtime": 12.050942182540894, "_step": 0}