{"Run reward": 0.6600000000000004, "_timestamp": 1693908874.359987, "_runtime": 4853.803544044495, "_step": 389}