{"Run reward": 13.259999999999971, "_timestamp": 1696151616.4353807, "_runtime": 36.79323077201843, "_step": 1}