{"Run reward": 88.90000000000015, "_timestamp": 1696184165.236093, "_runtime": 226.6669840812683, "_step": 2}