{"Run reward": -9.719999999999978, "_timestamp": 1696154535.6909947, "_runtime": 118.92199373245239, "_step": 3}