{"Run reward": 2.349999999999996, "_timestamp": 1692825823.4155636, "_runtime": 518.3462336063385, "_step": 32}