{"Run reward": 77.53999999999995, "_timestamp": 1695198759.2594686, "_runtime": 182.29904556274414, "_step": 3}