{"Run reward": 1.500000000000001, "_timestamp": 1693304994.2970123, "_runtime": 580.5273814201355, "_step": 49}