{"Run reward": 79.49999999999993, "_timestamp": 1695672724.5598207, "_runtime": 110.48386573791504, "_step": 1}