{"Run reward": 41.5600000000001, "_timestamp": 1694687077.5953603, "_runtime": 330.6824941635132, "_step": 2}