{"Run reward": 2.71658971405679, "_timestamp": 1694091171.6590772, "_runtime": 63.0759551525116, "_step": 3}