{"Run reward": -0.3600000000000005, "_timestamp": 1696322064.7424278, "_runtime": 255.2202718257904, "_step": 5}