{"Run reward": -1.7900000000000016, "_timestamp": 1696672811.9056504, "_runtime": 712.1992893218994, "_step": 34}