{"Run reward": 5.719999999999994, "_timestamp": 1696675401.215435, "_runtime": 2125.4927020072937, "_step": 91}