{"Run reward": 71.02999999999987, "_timestamp": 1696318653.012363, "_runtime": 181.4540069103241, "_step": 4}