{"Run reward": -1.053936950146626, "_timestamp": 1694020027.9307826, "_runtime": 1005.6381475925446, "_step": 77}