{"Run reward": -2.6600000000000006, "_timestamp": 1693771453.8303478, "_runtime": 206.6688587665558, "_step": 8}