{"Run reward": 0.4612710493768434, "_timestamp": 1694261718.3403606, "_runtime": 20.0445237159729, "_step": 0}