{"Run reward": 76.64999999999998, "_timestamp": 1695062619.8161852, "_runtime": 2243.3903152942657, "_step": 13}