{"Run reward": 9.712861936000797, "_timestamp": 1694092256.1352208, "_runtime": 682.6066267490387, "_step": 36}