{"Run reward": 95.25000000000013, "_timestamp": 1696152453.1297293, "_runtime": 403.2679452896118, "_step": 8}