{"Run reward": 70.94000000000005, "_timestamp": 1695131684.213285, "_runtime": 5903.409615039825, "_step": 50}