{"Run reward": -8.97999999999998, "_timestamp": 1696172647.4138372, "_runtime": 355.73464131355286, "_step": 8}