{"Run reward": -5.489999999999993, "_timestamp": 1696670855.6147864, "_runtime": 536.9149053096771, "_step": 34}