{"Run reward": -6.549999999999985, "_timestamp": 1695134413.6679294, "_runtime": 10.341360330581665, "_step": 0}