{"Run reward": 0.01, "_timestamp": 1693922668.76997, "_runtime": 13033.650418996811, "_step": 906}