{"Run reward": 0.08, "_timestamp": 1693324037.7184708, "_runtime": 77.91019487380981, "_step": 5}