{"Run reward": -0.7900000000000005, "_timestamp": 1696315773.387933, "_runtime": 151.17002391815186, "_step": 9}