{"Run reward": 10.69092008797656, "_timestamp": 1693981613.8419166, "_runtime": 2085.847936630249, "_step": 59}