{"Run reward": 0.20015412425078488, "_timestamp": 1694267906.6555595, "_runtime": 98.72171258926392, "_step": 6}