{"Run reward": 159.82000000000042, "_timestamp": 1696151486.9949732, "_runtime": 217.28372311592102, "_step": 2}