{"Run reward": 21.829999999999963, "_timestamp": 1694690772.5371978, "_runtime": 2340.206507921219, "_step": 29}