{"Run reward": 5.129999999999998, "_timestamp": 1694695835.4794555, "_runtime": 54.35787844657898, "_step": 1}