{"Run reward": 27.269999999999968, "_timestamp": 1693305268.3070643, "_runtime": 206.926940202713, "_step": 7}