{"Run reward": 164.9600000000004, "_timestamp": 1695134265.025259, "_runtime": 983.0713720321655, "_step": 6}