{"Run reward": 145.75000000000014, "_timestamp": 1695064871.3635387, "_runtime": 1020.5637657642365, "_step": 7}