{"Run reward": 3.2799999999999923, "_timestamp": 1692892683.0627346, "_runtime": 99.3868715763092, "_step": 5}