{"Run reward": 1.4800000000000009, "_timestamp": 1693159916.5408213, "_runtime": 54.473658323287964, "_step": 2}