{"Run reward": -2.027118768328441, "_timestamp": 1694018999.577673, "_runtime": 74.6011209487915, "_step": 5}