{"Run reward": 0.25000000000000006, "_timestamp": 1693162956.4578767, "_runtime": 138.30756759643555, "_step": 10}