{"Run reward": 8.509999999999943, "_timestamp": 1692905842.9810882, "_runtime": 241.97864723205566, "_step": 10}