{"Run reward": 17.999999999999915, "_timestamp": 1694682448.4781623, "_runtime": 72.492760181427, "_step": 1}