{"Run reward": 159.9699999999997, "_timestamp": 1695114786.7112224, "_runtime": 477.57322430610657, "_step": 4}