{"Run reward": 3.509999999999992, "_timestamp": 1693153520.9370236, "_runtime": 28.604403734207153, "_step": 1}