{"Run reward": 1.1300000000000008, "_timestamp": 1693327514.1102586, "_runtime": 755.1957085132599, "_step": 62}