{"Run reward": 0.01, "_timestamp": 1694285621.168299, "_runtime": 4954.25529384613, "_step": 381}