{"Run reward": 1.592456307276279, "_timestamp": 1694079638.9050014, "_runtime": 23.00536346435547, "_step": 0}