{"Run reward": 4.4299999999999935, "_timestamp": 1696324526.9989233, "_runtime": 89.18262219429016, "_step": 3}