{"Run reward": 3.72999999999999, "_timestamp": 1693321450.0917106, "_runtime": 26.27475666999817, "_step": 0}