{"Run reward": 1.3184443387250304, "_timestamp": 1694034022.3078053, "_runtime": 91.70790719985962, "_step": 7}