{"Run reward": 0.01, "_timestamp": 1693323471.766282, "_runtime": 22.1700119972229, "_step": 0}