{"Run reward": 14.989999999999947, "_timestamp": 1695474736.132509, "_runtime": 68.29056692123413, "_step": 1}