{"Run reward": 18.965000000000003, "_timestamp": 1695116509.6439986, "_runtime": 52.80544352531433, "_step": 1}