{"Run reward": 0.01, "_timestamp": 1693161601.39033, "_runtime": 65.96966409683228, "_step": 2}