{"Run reward": 12.419999999999979, "_timestamp": 1696159187.9231296, "_runtime": 349.97987246513367, "_step": 5}