{"Run reward": -1.6900000000000013, "_timestamp": 1693939576.757802, "_runtime": 157.53212594985962, "_step": 12}