{"Run reward": 18.849999999999948, "_timestamp": 1694691239.240017, "_runtime": 432.14386105537415, "_step": 2}