{"Run reward": 5.319999999999972, "_timestamp": 1694171879.600822, "_runtime": 7252.558274030685, "_step": 325}