{"Run reward": 0.7100000000000004, "_timestamp": 1694077955.820428, "_runtime": 119.06417989730835, "_step": 7}