{"Run reward": 3.5399999999999863, "_timestamp": 1694267601.756465, "_runtime": 562.29532289505, "_step": 35}