{"Run reward": 119.40500000000007, "_timestamp": 1695110729.4351156, "_runtime": 488.77532052993774, "_step": 3}