{"Run reward": 11.565000000000008, "_timestamp": 1695115747.5474694, "_runtime": 169.74296140670776, "_step": 3}