{"Run reward": 0.03, "_timestamp": 1693160613.2053857, "_runtime": 66.03894758224487, "_step": 2}