{"Run reward": 102.89000000000021, "_timestamp": 1696185231.2433422, "_runtime": 143.1701672077179, "_step": 1}