{"Run reward": 0.41000000000000025, "_timestamp": 1692823860.8519886, "_runtime": 123.1543595790863, "_step": 9}