{"Run reward": 74.54999999999973, "_timestamp": 1695759629.2177591, "_runtime": 1665.9777631759644, "_step": 16}