{"Run reward": 136.71999999999997, "_timestamp": 1696085220.4406192, "_runtime": 134.58681917190552, "_step": 2}