{"Run reward": 85.77, "_timestamp": 1695194780.8220196, "_runtime": 1040.8917126655579, "_step": 7}