{"Run reward": 55.58985130086541, "_timestamp": 1694777988.261494, "_runtime": 103.13133692741394, "_step": 1}