{"Run reward": 0.20000000000000004, "_timestamp": 1693166289.4711652, "_runtime": 584.9882531166077, "_step": 44}