{"Run reward": 119.55999999999986, "_timestamp": 1695565107.1591938, "_runtime": 455.80309677124023, "_step": 5}