{"Run reward": 0.9745323946341929, "_timestamp": 1694266454.5821545, "_runtime": 38.686644554138184, "_step": 2}