{"Run reward": 9.809999999999992, "_timestamp": 1695670584.6633463, "_runtime": 68.99045920372009, "_step": 2}