{"Run reward": 202.56000000000196, "_timestamp": 1696183621.1207297, "_runtime": 17863.743280649185, "_step": 159}