{"Run reward": 41.94000000000034, "_timestamp": 1694684303.3896234, "_runtime": 128.39152550697327, "_step": 1}