{"Run reward": 1.5200000000000011, "_timestamp": 1694269766.3947637, "_runtime": 367.00984263420105, "_step": 25}