{"Run reward": 1.2000000000000008, "_timestamp": 1694090860.6197853, "_runtime": 147.96394324302673, "_step": 9}