{"Run reward": 0.5600000000000003, "_timestamp": 1694185514.6984842, "_runtime": 147.59185123443604, "_step": 7}