{"Run reward": -0.3800000000000005, "_timestamp": 1696321767.3056242, "_runtime": 174.72264313697815, "_step": 8}