{"Run reward": 1.330000000000001, "_timestamp": 1692863744.2769525, "_runtime": 218.47860860824585, "_step": 16}