{"Run reward": 260.9500000000016, "_timestamp": 1696161644.7755992, "_runtime": 704.5555863380432, "_step": 6}