{"Run reward": 96.59000000000022, "_timestamp": 1696184487.4264576, "_runtime": 93.07424974441528, "_step": 1}