{"Run reward": 20394.79836189985, "_timestamp": 1694768655.7871306, "_runtime": 38.06492352485657, "_step": 0}