{"Run reward": -1.1378768090540345, "_timestamp": 1694029266.828161, "_runtime": 23.064390897750854, "_step": 1}