{"Run reward": 2.0400000000000005, "_timestamp": 1694079239.420569, "_runtime": 100.13935899734497, "_step": 5}