{"Run reward": 18.929999999999865, "_timestamp": 1694545593.9369674, "_runtime": 661.3616454601288, "_step": 4}