{"Run reward": -2.1374999999999966, "_timestamp": 1694026990.6583242, "_runtime": 33.47257924079895, "_step": 2}