{"Run reward": 253.21000000000194, "_timestamp": 1695846571.8261716, "_runtime": 697.0639746189117, "_step": 6}