{"Run reward": 1.270000000000001, "_timestamp": 1694161978.861798, "_runtime": 1631.8112299442291, "_step": 105}