{"Run reward": 34.83, "_timestamp": 1695195661.0590777, "_runtime": 117.99802684783936, "_step": 2}