{"Run reward": 56.61000000000008, "_timestamp": 1695132210.7663171, "_runtime": 109.9574282169342, "_step": 2}