{"Run reward": 236.4500000000017, "_timestamp": 1696156298.247374, "_runtime": 377.3772530555725, "_step": 4}