{"Run reward": -1.9649999999999945, "_timestamp": 1695124208.9036148, "_runtime": 9.78543472290039, "_step": 0}