{"Run reward": 13.679999999999989, "_timestamp": 1695577663.0062447, "_runtime": 201.85935354232788, "_step": 3}