{"Run reward": -10.440000000000015, "_timestamp": 1696670184.28896, "_runtime": 289.5425179004669, "_step": 21}