{"Run reward": 1.3775872895062315, "_timestamp": 1694265332.9070446, "_runtime": 19.749805688858032, "_step": 0}