{"Run reward": -4.204941348973601, "_timestamp": 1693985497.1836872, "_runtime": 305.1026771068573, "_step": 22}