{"Run reward": 27.38811583577708, "_timestamp": 1693984698.7900681, "_runtime": 3004.2717051506042, "_step": 83, "_wandb": {"runtime": 3004}}