{"Run reward": 0.5000000000000002, "_timestamp": 1693340234.1743553, "_runtime": 1412.700097322464, "_step": 98}