{"Run reward": 1.750000000000001, "_timestamp": 1693389638.616349, "_runtime": 101.54172492027283, "_step": 6}