{"Run reward": 22.75000000000004, "_timestamp": 1694630427.6860423, "_runtime": 150.2947392463684, "_step": 2}