{"Run reward": 0.35000000000000014, "_timestamp": 1693388641.52837, "_runtime": 556.5969669818878, "_step": 43}