{"Run reward": 2.739999999999999, "_timestamp": 1693926549.5076625, "_runtime": 2357.7417044639587, "_step": 194}