{"Run reward": 379.14, "_timestamp": 1695116237.5274415, "_runtime": 37.98237061500549, "_step": 0}