{"Run reward": 12.154574407815943, "_timestamp": 1694789208.697274, "_runtime": 1681.8642370700836, "_step": 20}