{"Run reward": 72.8700000000001, "_timestamp": 1695749581.2849145, "_runtime": 300.05965852737427, "_step": 4}