{"Run reward": -0.440000000000001, "_timestamp": 1696315518.3832476, "_runtime": 13.289807558059692, "_step": 0}