{"Run reward": 37.73010708868506, "_timestamp": 1694790343.5695055, "_runtime": 66.66354846954346, "_step": 1}