{"Run reward": -5.7899999999999885, "_timestamp": 1696669841.8093865, "_runtime": 484.7226264476776, "_step": 21}