{"Run reward": 14.700000000000003, "_timestamp": 1695192925.672152, "_runtime": 412.0104670524597, "_step": 3}