{"Run reward": 124.501221907735, "_timestamp": 1694762178.5853395, "_runtime": 105.25332355499268, "_step": 2}