{"Run reward": 118.5299999999997, "_timestamp": 1695570428.8828385, "_runtime": 441.0306074619293, "_step": 5}