{"Run reward": -0.17100000000000012, "_timestamp": 1694076518.0951705, "_runtime": 130.94125247001648, "_step": 11}