{"Run reward": 105.20000000000006, "_timestamp": 1695565374.3376968, "_runtime": 226.62035369873047, "_step": 2}