{"Run reward": 19.189999999999824, "_timestamp": 1694544834.2809174, "_runtime": 436.10062050819397, "_step": 6}