{"Run reward": 0.04, "_timestamp": 1693165662.6111362, "_runtime": 545.1245222091675, "_step": 33}