{"Run reward": -16.279999999999852, "_timestamp": 1696172249.2113051, "_runtime": 514.8029022216797, "_step": 14}