{"Run reward": 125.10000000000178, "_timestamp": 1694691944.494428, "_runtime": 202.9149878025055, "_step": 1}