{"Run reward": 38.74000000000003, "_timestamp": 1696079732.1203728, "_runtime": 565.2581527233124, "_step": 4}