{"Run reward": 0.02, "_timestamp": 1694093267.8272758, "_runtime": 281.4979968070984, "_step": 20}