{"Run reward": 147.36999999999986, "_timestamp": 1695757620.9228811, "_runtime": 395.59362506866455, "_step": 3}