{"Run reward": 2.4299999999999997, "_timestamp": 1693319499.8820868, "_runtime": 180.17004370689392, "_step": 14}