{"Run reward": -0.7460339526265717, "_timestamp": 1694029219.879472, "_runtime": 1001.5894889831543, "_step": 76}