{"Run reward": 21.59999999999997, "_timestamp": 1694630597.6644077, "_runtime": 46.99359965324402, "_step": 1}