{"Run reward": 75.57000000000019, "_timestamp": 1695474183.600786, "_runtime": 272.4732069969177, "_step": 5}