{"Run reward": -2.1374999999999966, "_timestamp": 1694027085.5549278, "_runtime": 11.86574387550354, "_step": 0}