{"Run reward": 16.630000000000095, "_timestamp": 1693947466.7151074, "_runtime": 247.1775074005127, "_step": 7}