{"Run reward": -8.729999999999988, "_timestamp": 1696167349.2554808, "_runtime": 12786.179470777512, "_step": 289}