{"Run reward": 36.44000000000035, "_timestamp": 1694629407.5409029, "_runtime": 115.35329985618591, "_step": 1}