{"Run reward": 6.099999999999963, "_timestamp": 1692893393.2616398, "_runtime": 137.3646137714386, "_step": 9}