{"Run reward": 0.16, "_timestamp": 1694263365.5201814, "_runtime": 1236.5231804847717, "_step": 94}