{"Run reward": 2.4599999999999995, "_timestamp": 1693161408.1202161, "_runtime": 97.18281817436218, "_step": 5}