{"Run reward": 0.5600000000000003, "_timestamp": 1694188378.7338173, "_runtime": 444.5875914096832, "_step": 25}