{"Run reward": 84.63000000000004, "_timestamp": 1695763450.871899, "_runtime": 172.79277396202087, "_step": 2}