{"Run reward": 0.8500000000000005, "_timestamp": 1693319159.8214626, "_runtime": 47.560938596725464, "_step": 1}