{"Run reward": 1.0400000000000007, "_timestamp": 1693900540.4629898, "_runtime": 46.99328088760376, "_step": 1}