{"Run reward": -42.75, "_timestamp": 1693939266.852986, "_runtime": 87.93622612953186, "_step": 7}