{"Run reward": 4.579999999999986, "_timestamp": 1693160661.8314123, "_runtime": 15.031213283538818, "_step": 0}