{"Run reward": 0.07, "_timestamp": 1693341132.9863224, "_runtime": 259.9654583930969, "_step": 17}