{"Run reward": 106.39500000000046, "_timestamp": 1694715819.1953902, "_runtime": 1332.4990482330322, "_step": 7}