{"Run reward": 1.3400000000000007, "_timestamp": 1693213743.283306, "_runtime": 3104.4872868061066, "_step": 234}