{"Run reward": 95.22999999999975, "_timestamp": 1696079116.699431, "_runtime": 680.576297044754, "_step": 6}