{"Run reward": 0.46000000000000024, "_timestamp": 1692824579.0037239, "_runtime": 110.54297089576721, "_step": 9}