{"Run reward": -1.310000000000001, "_timestamp": 1695058666.8163438, "_runtime": 38.64135384559631, "_step": 0}