{"Run reward": 2.0000000000000013, "_timestamp": 1692899309.831171, "_runtime": 255.77881407737732, "_step": 19}