{"Run reward": 0.03, "_timestamp": 1694268962.4913135, "_runtime": 1033.6598975658417, "_step": 77}