{"Run reward": 236.9200000000012, "_timestamp": 1696220000.0445719, "_runtime": 236.39667677879333, "_step": 1}