{"Run reward": 1.7700000000000011, "_timestamp": 1694164028.8673658, "_runtime": 390.1207847595215, "_step": 27}