{"Run reward": 0.01, "_timestamp": 1693939115.1784096, "_runtime": 189.69021248817444, "_step": 9}