{"Run reward": 0.7400000000000004, "_timestamp": 1692822911.1208782, "_runtime": 139.28009724617004, "_step": 8}