{"Run reward": 148.54000000000008, "_timestamp": 1695055579.4250212, "_runtime": 594.9508380889893, "_step": 6}