{"Run reward": 0.09, "_timestamp": 1693328577.7269945, "_runtime": 765.7760074138641, "_step": 30}