{"Run reward": 76.67500000000003, "_timestamp": 1695116424.0540023, "_runtime": 43.912262201309204, "_step": 1}