{"Run reward": 79.13000000000147, "_timestamp": 1694680223.6711247, "_runtime": 155.58870768547058, "_step": 0}