{"Run reward": 8.449999999999957, "_timestamp": 1692907883.6125772, "_runtime": 1626.2875471115112, "_step": 90}