{"Run reward": 0.03, "_timestamp": 1694091080.610204, "_runtime": 184.79228806495667, "_step": 11}