{"Run reward": 1.1600000000000006, "_timestamp": 1693323198.9005961, "_runtime": 100.81306219100952, "_step": 3}