{"Run reward": 17.269999999999996, "_timestamp": 1695116934.557594, "_runtime": 130.62237405776978, "_step": 3}