{"Run reward": -0.07000000000000009, "_timestamp": 1696321333.2283072, "_runtime": 39.32735824584961, "_step": 2}