{"Run reward": 147.25999999999974, "_timestamp": 1696147876.522732, "_runtime": 309.7331290245056, "_step": 2}