{"Run reward": 1.0200000000000007, "_timestamp": 1694176130.8025706, "_runtime": 2927.0110006332397, "_step": 174}