{"Run reward": 1.300000000000001, "_timestamp": 1694079585.8555229, "_runtime": 57.016485929489136, "_step": 3}