{"Run reward": 0.8300000000000005, "_timestamp": 1692813310.646205, "_runtime": 12099.571202039719, "_step": 895}