{"Run reward": 29.869999999999994, "_timestamp": 1695193632.8290184, "_runtime": 33.43824028968811, "_step": 1}