{"Run reward": 84.30999999999983, "_timestamp": 1695760003.6544037, "_runtime": 273.27667260169983, "_step": 4}