{"Run reward": 4.48082515773129, "_timestamp": 1694187683.4989216, "_runtime": 68.76894164085388, "_step": 2}