{"Run reward": 0.41000000000000014, "_timestamp": 1692898657.6803727, "_runtime": 252.87773275375366, "_step": 22}