{"Run reward": -1.0700000000000007, "_timestamp": 1696318403.740063, "_runtime": 179.67859983444214, "_step": 13}