{"Run reward": 0.09999999999999999, "_timestamp": 1693932471.8988023, "_runtime": 5688.077523231506, "_step": 241}