{"Run reward": 0.6200000000000003, "_timestamp": 1692823055.7321613, "_runtime": 107.36143827438354, "_step": 8}