{"Run reward": 1.7600000000000158, "_timestamp": 1696669299.4187164, "_runtime": 131.70493054389954, "_step": 8}