{"Run reward": 1.1700000000000008, "_timestamp": 1694187342.3804345, "_runtime": 138.7382414340973, "_step": 6}