{"Run reward": 19.60999999999999, "_timestamp": 1695473391.4971356, "_runtime": 1659.3076655864716, "_step": 16}