{"Run reward": 4.090999999999996, "_timestamp": 1696243987.87346, "_runtime": 1124.2097351551056, "_step": 75}