{"Run reward": 20.639999999999947, "_timestamp": 1695845821.491755, "_runtime": 189.03490090370178, "_step": 3}