{"Run reward": 260.27000000000146, "_timestamp": 1696157717.8748693, "_runtime": 214.14268922805786, "_step": 1}