{"Run reward": 30.640000000000015, "_timestamp": 1695195459.8026304, "_runtime": 362.65526032447815, "_step": 4}