{"Run reward": 0.2900000000000001, "_timestamp": 1693321380.628405, "_runtime": 43.75518608093262, "_step": 1}