{"Run reward": 6.410000000000008, "_timestamp": 1693945978.7816029, "_runtime": 6380.278559923172, "_step": 265}