{"Run reward": 4.519999999999984, "_timestamp": 1692815164.8760767, "_runtime": 1335.0284407138824, "_step": 77}