{"Run reward": 15.989999999999977, "_timestamp": 1695757195.1569312, "_runtime": 325.5357382297516, "_step": 6}