{"Run reward": -0.6550000000000005, "_timestamp": 1694715876.4595168, "_runtime": 9.769927740097046, "_step": 0}