{"Run reward": 0.01, "_timestamp": 1693903860.1444604, "_runtime": 65.64265847206116, "_step": 3}