{"Run reward": -1.6116935483870938, "_timestamp": 1694018817.6657085, "_runtime": 257.27760648727417, "_step": 17}