{"Run reward": 6.589999999999995, "_timestamp": 1696321561.1905065, "_runtime": 161.18020749092102, "_step": 4}