{"Run reward": 3.4799999999999947, "_timestamp": 1694265447.4154577, "_runtime": 64.01157975196838, "_step": 1}