{"Run reward": 123.51999999999991, "_timestamp": 1695065444.0285888, "_runtime": 89.03570985794067, "_step": 1}