{"Run reward": 2.2199999999999998, "_timestamp": 1693903452.6777139, "_runtime": 338.0920407772064, "_step": 24}