{"Run reward": 233.56000000000148, "_timestamp": 1696186057.3976827, "_runtime": 184.3752417564392, "_step": 1}