{"Run reward": 261.900000000002, "_timestamp": 1695108989.6483357, "_runtime": 375.7072947025299, "_step": 2}