{"Run reward": 210.15000000000157, "_timestamp": 1696160742.5630202, "_runtime": 275.0886743068695, "_step": 2}