{"Run reward": 0.4100000000000002, "_timestamp": 1693772826.7455363, "_runtime": 54.925039291381836, "_step": 3}