{"Run reward": 9.629999999999985, "_timestamp": 1695749940.2587912, "_runtime": 252.05122113227844, "_step": 4}