{"Run reward": 1.310000000000001, "_timestamp": 1693210007.7598872, "_runtime": 458.0194993019104, "_step": 39}