{"Run reward": 92.74999999999991, "_timestamp": 1695109503.9838035, "_runtime": 343.2171835899353, "_step": 3}