{"Run reward": 48.410000000000835, "_timestamp": 1694593792.2878525, "_runtime": 8300.282029628754, "_step": 96}