{"Run reward": 1.4700000000000009, "_timestamp": 1692898131.7463582, "_runtime": 77.77299618721008, "_step": 5}