{"Run reward": 4.56999999999998, "_timestamp": 1693900627.406946, "_runtime": 58.50525689125061, "_step": 2}