{"Run reward": -6.549999999999985, "_timestamp": 1696153478.8576908, "_runtime": 12.449098825454712, "_step": 0}