{"Run reward": 142.04501055697585, "_timestamp": 1694762849.6984756, "_runtime": 363.5584034919739, "_step": 5}