{"Run reward": 89.47999999999988, "_timestamp": 1696158772.957094, "_runtime": 965.4052329063416, "_step": 8}