{"Run reward": 41.27000000000072, "_timestamp": 1694631311.166971, "_runtime": 119.50360703468323, "_step": 1}