{"Run reward": 46.870280517712175, "_timestamp": 1694786885.9637597, "_runtime": 5371.426923751831, "_step": 84}