{"Run reward": 56.46000000000009, "_timestamp": 1693164215.4169037, "_runtime": 187.1081006526947, "_step": 3}