{"Run reward": -2.109999999999999, "_timestamp": 1696321250.4430196, "_runtime": 260.95387172698975, "_step": 16}