{"Run reward": 14.160000000000004, "_timestamp": 1695054668.7209659, "_runtime": 293.4328329563141, "_step": 3}