{"Run reward": 84.32000000000002, "_timestamp": 1695571843.7484317, "_runtime": 592.0300877094269, "_step": 7}