{"Run reward": 98.49000000000022, "_timestamp": 1696219166.0203931, "_runtime": 31890.342350244522, "_step": 280}