{"Run reward": 0.6300000000000002, "_timestamp": 1694266886.7855113, "_runtime": 36.782318353652954, "_step": 2}