{"Run reward": 15.515953864157197, "_timestamp": 1694780205.289763, "_runtime": 102.9903290271759, "_step": 3}