{"Run reward": 0.6700000000000004, "_timestamp": 1693764939.6246965, "_runtime": 113.3634123802185, "_step": 8}