{"Run reward": 0.2, "_timestamp": 1693397382.9068542, "_runtime": 1848.1923551559448, "_step": 111}