{"Run reward": 275.07723571777467, "_timestamp": 1694762426.0922198, "_runtime": 202.37063789367676, "_step": 1}