{"Run reward": 0.47999999999999915, "_timestamp": 1695753827.170996, "_runtime": 3859.5363278388977, "_step": 29}