{"Run reward": 1.0500000000000007, "_timestamp": 1692905556.4509716, "_runtime": 1157.1870596408844, "_step": 70}