{"Run reward": 7.7200000000000095, "_timestamp": 1696323301.8664112, "_runtime": 281.956814289093, "_step": 13}