{"Run reward": -6.549999999999985, "_timestamp": 1695194889.796544, "_runtime": 10.825091123580933, "_step": 0}