{"Run reward": 7.019999999999972, "_timestamp": 1692868192.170682, "_runtime": 147.6613998413086, "_step": 6}