{"Run reward": -0.5800000000000005, "_timestamp": 1696322853.0864131, "_runtime": 102.84314608573914, "_step": 7}