{"Run reward": 0.7600000000000005, "_timestamp": 1693160235.0214403, "_runtime": 169.33023238182068, "_step": 8}