{"Run reward": 40.60000000000021, "_timestamp": 1694680606.274859, "_runtime": 241.24541902542114, "_step": 4}