{"Run reward": 2.2999999999999976, "_timestamp": 1693901138.0048294, "_runtime": 118.22578048706055, "_step": 5}