{"Run reward": 0.0, "_timestamp": 1692816997.6601052, "_runtime": 11.563313245773315, "_step": 0}