{"Run reward": 271.66153498490644, "_timestamp": 1694763130.5641756, "_runtime": 38.486820697784424, "_step": 0}