{"Run reward": 417.2700000000004, "_timestamp": 1695058781.6508088, "_runtime": 39.2404248714447, "_step": 0}