{"Run reward": -1.360000000000001, "_timestamp": 1696322320.7156894, "_runtime": 134.19530844688416, "_step": 9}