{"Run reward": 0.05, "_timestamp": 1694163590.036664, "_runtime": 1569.1369309425354, "_step": 91}