{"Run reward": 2.984999999999993, "_timestamp": 1693948915.9358845, "_runtime": 189.7715425491333, "_step": 14}