{"Run reward": 123.0200000000005, "_timestamp": 1696186773.5988681, "_runtime": 454.8902430534363, "_step": 5}