{"Run reward": -1.7100000000000013, "_timestamp": 1693984935.6605465, "_runtime": 12.297170639038086, "_step": 0}