{"Run reward": 21.52999999999995, "_timestamp": 1694632804.5379405, "_runtime": 83.23452854156494, "_step": 1}