{"Run reward": 0.6512109800812605, "_timestamp": 1694185564.0213113, "_runtime": 27.50182819366455, "_step": 0}