{"Run reward": 1.840000000000001, "_timestamp": 1693909587.028733, "_runtime": 675.8063759803772, "_step": 54}