{"Run reward": 9.849999999999907, "_timestamp": 1692952495.4237537, "_runtime": 43402.57232570648, "_step": 1634}