{"Run reward": 0.10999999999999999, "_timestamp": 1693765207.3646786, "_runtime": 247.82336258888245, "_step": 19}