{"Run reward": 53.859999999999985, "_timestamp": 1695416858.2534907, "_runtime": 152.45118975639343, "_step": 2}