{"Run reward": 103.75000000000011, "_timestamp": 1695197222.427547, "_runtime": 607.0205428600311, "_step": 5}