{"Run reward": 5.639999999999991, "_timestamp": 1695844600.595723, "_runtime": 64.8024799823761, "_step": 1}