{"Run reward": 1.8600000000000012, "_timestamp": 1693162797.5270345, "_runtime": 138.1639895439148, "_step": 10}