{"Run reward": 103.87999999999991, "_timestamp": 1695653668.2847767, "_runtime": 3205.406316757202, "_step": 37}