{"Run reward": 6.359999999999977, "_timestamp": 1696334884.3591082, "_runtime": 8487.111637115479, "_step": 297}