{"Run reward": -265.90000000000043, "_timestamp": 1695418323.905756, "_runtime": 1059.6897840499878, "_step": 7}