{"Run reward": 0.9600000000000006, "_timestamp": 1694093339.8980098, "_runtime": 47.191659688949585, "_step": 2}