{"Run reward": 70.56655028065832, "_timestamp": 1694266695.4141483, "_runtime": 117.8718192577362, "_step": 0}