{"Run reward": 2.7699999999999947, "_timestamp": 1692824213.3959978, "_runtime": 166.24620175361633, "_step": 11}