{"Run reward": 0.8100000000000005, "_timestamp": 1692825281.4797215, "_runtime": 676.3149676322937, "_step": 48}