{"Run reward": 123.2400000000003, "_timestamp": 1695116731.7520885, "_runtime": 150.6470024585724, "_step": 3}