{"Run reward": 1.8500000000000014, "_timestamp": 1693935552.9277198, "_runtime": 2695.533339738846, "_step": 215}