{"Run reward": 1.0000000000000007, "_timestamp": 1694177341.6549878, "_runtime": 1088.3870947360992, "_step": 64}