{"Run reward": 3.139999999999989, "_timestamp": 1693389477.5562675, "_runtime": 39.88825559616089, "_step": 2}