{"Run reward": 271.57000000000164, "_timestamp": 1695672197.5237777, "_runtime": 1468.4075727462769, "_step": 17}