{"Run reward": 99.72000000000156, "_timestamp": 1694685015.808911, "_runtime": 386.0758390426636, "_step": 2}