{"Run reward": 137.0850000000011, "_timestamp": 1695124569.0353646, "_runtime": 187.15635752677917, "_step": 2}