{"Run reward": 170.0600000000002, "_timestamp": 1696148450.185695, "_runtime": 478.69709181785583, "_step": 7}