{"Run reward": 139.89000000000001, "_timestamp": 1695111079.1929016, "_runtime": 294.82985663414, "_step": 3}