{"Run reward": 338.3349999999985, "_timestamp": 1695125210.3871088, "_runtime": 268.188622713089, "_step": 2}