{"Run reward": 28.32999999999995, "_timestamp": 1696691222.8274343, "_runtime": 14087.54642033577, "_step": 429}