{"Run reward": 4.839999999999997, "_timestamp": 1696680106.6455758, "_runtime": 2971.3645617961884, "_step": 112}