{"Run reward": 14.399999999999988, "_timestamp": 1696680511.0977893, "_runtime": 3375.8167753219604, "_step": 125}