{"Run reward": 16.579999999999966, "_timestamp": 1696679952.1253288, "_runtime": 2816.844314813614, "_step": 107}