{"Run reward": 193.3, "_timestamp": 1696151078.4966068, "_runtime": 981.3666167259216, "_step": 15}