{"Run reward": 1.280000000000001, "_timestamp": 1694092938.359647, "_runtime": 494.51287293434143, "_step": 36}