{"Run reward": 0.3600000000000001, "_timestamp": 1696326356.5657492, "_runtime": 918.9804952144623, "_step": 43}