{"Run reward": 189.13000000000096, "_timestamp": 1695569634.330756, "_runtime": 579.2157678604126, "_step": 7}