{"Run reward": 325.17000000000195, "_timestamp": 1695109882.8371756, "_runtime": 197.48722767829895, "_step": 1}