{"Run reward": 15.369999999999992, "_timestamp": 1693771672.1945083, "_runtime": 173.69404339790344, "_step": 4}