{"Run reward": -1.310000000000001, "_timestamp": 1694861112.6377716, "_runtime": 11.146652698516846, "_step": 0}