{"Run reward": 1.5500000000000012, "_timestamp": 1692866421.406807, "_runtime": 129.44472885131836, "_step": 9}