{"Run reward": 1.6500000000000012, "_timestamp": 1693160521.6502032, "_runtime": 82.65571212768555, "_step": 6}