{"Run reward": 97.50999999999986, "_timestamp": 1696159804.6548147, "_runtime": 542.1086528301239, "_step": 4}