{"Run reward": 50.5912028855086, "_timestamp": 1694778848.000389, "_runtime": 249.68186211585999, "_step": 2}