{"Run reward": 0.0, "_timestamp": 1692867579.4625664, "_runtime": 12.512567281723022, "_step": 0}