{"Run reward": 3.249999999999996, "_timestamp": 1693160981.359722, "_runtime": 93.24996399879456, "_step": 4}