{"Run reward": 0.02, "_timestamp": 1693161266.8890653, "_runtime": 109.152672290802, "_step": 5}