{"Run reward": 46.53499999999959, "_timestamp": 1694762004.514552, "_runtime": 46097.325785160065, "_step": 472}