{"Run reward": 0.24999999999999978, "_timestamp": 1696318060.3484805, "_runtime": 2091.7597403526306, "_step": 94}