{"Run reward": 41.91499999999989, "_timestamp": 1695110210.6084304, "_runtime": 85.35102033615112, "_step": 2}