{"Run reward": 0.9795703340177316, "_timestamp": 1694066843.9649518, "_runtime": 32800.54200768471, "_step": 1875}