{"Run reward": 5.850000000000046, "_timestamp": 1696666772.5862398, "_runtime": 461.71315479278564, "_step": 35}