{"Run reward": 1.6600000000000013, "_timestamp": 1692892548.575745, "_runtime": 63.55411219596863, "_step": 3}