{"Run reward": 0.3200000000000001, "_timestamp": 1693210591.03081, "_runtime": 559.617516040802, "_step": 43}