{"Run reward": 50.74000000000002, "_timestamp": 1695114240.4998884, "_runtime": 277.22100853919983, "_step": 4}