{"Run reward": 83.35000000000001, "_timestamp": 1695191901.6427588, "_runtime": 561.8824138641357, "_step": 6}