{"Run reward": 0.0, "_timestamp": 1692897988.638805, "_runtime": 11.772190809249878, "_step": 0}