{"Run reward": 0.1500363360089849, "_timestamp": 1694187585.8821495, "_runtime": 26.564244508743286, "_step": 0}