{"Run reward": 8.019999999999987, "_timestamp": 1696242254.120386, "_runtime": 2342.6210119724274, "_step": 86}