{"Run reward": 11.749999999999929, "_timestamp": 1696261371.118301, "_runtime": 21459.618927001953, "_step": 637}