{"Run reward": 2.36000000000001, "_timestamp": 1696667130.0486202, "_runtime": 143.95451617240906, "_step": 10}