{"Run reward": -0.6600000000000005, "_timestamp": 1693947637.662449, "_runtime": 141.8070240020752, "_step": 10}