{"Run reward": 2.7949999999999946, "_timestamp": 1693946775.9636147, "_runtime": 627.1384615898132, "_step": 32}