{"Run reward": 0.8100000000000005, "_timestamp": 1692823339.9889104, "_runtime": 253.2990734577179, "_step": 19}