{"Run reward": 69.75, "_timestamp": 1695068658.1818805, "_runtime": 341.95822858810425, "_step": 4}