{"Run reward": 3.7399999999999953, "_timestamp": 1693164415.440722, "_runtime": 169.7995159626007, "_step": 10}