{"Run reward": 86.96756935831884, "_timestamp": 1694790220.5373874, "_runtime": 121.82861137390137, "_step": 1}