{"Run reward": 6.169999999999978, "_timestamp": 1696319131.0809193, "_runtime": 133.21456122398376, "_step": 4}