{"Run reward": 0.4500000000000002, "_timestamp": 1694159603.304669, "_runtime": 153.3533899784088, "_step": 8}