{"Run reward": -2.1374999999999966, "_timestamp": 1694027050.6658998, "_runtime": 45.85288166999817, "_step": 3}