{"Run reward": 0.35000000000000014, "_timestamp": 1693902410.5066159, "_runtime": 99.16635799407959, "_step": 7}