{"Run reward": 8.02999999999997, "_timestamp": 1693162353.4598181, "_runtime": 193.0906012058258, "_step": 6}