{"Run reward": 3.889999999999995, "_timestamp": 1693320350.08698, "_runtime": 35.20369219779968, "_step": 2}