{"Run reward": -0.8550000000000006, "_timestamp": 1694075964.6101642, "_runtime": 109.5662271976471, "_step": 9}