{"Run reward": 94.46000000000006, "_timestamp": 1695844474.2306743, "_runtime": 449.78549218177795, "_step": 5}