{"Run reward": 0.01, "_timestamp": 1694183571.1641152, "_runtime": 197.34254121780396, "_step": 12}