{"Run reward": 0.01, "_timestamp": 1693153942.8824317, "_runtime": 33.33189082145691, "_step": 0}