{"Run reward": 0.01, "_timestamp": 1693324375.5317662, "_runtime": 249.8541841506958, "_step": 1}