{"Run reward": 19.489999999999938, "_timestamp": 1695475654.5157459, "_runtime": 865.165314912796, "_step": 8}