{"Run reward": 0.17, "_timestamp": 1693162119.3756566, "_runtime": 79.4703586101532, "_step": 6}