{"Run reward": 3.469999999999998, "_timestamp": 1696184952.452908, "_runtime": 208.21157503128052, "_step": 2}