{"Run reward": 2.949999999999991, "_timestamp": 1694108269.6673553, "_runtime": 14915.17357635498, "_step": 821}