{"Run reward": 0.8900000000000006, "_timestamp": 1692909019.8164625, "_runtime": 585.9014585018158, "_step": 41}