{"Run reward": 0.25000000000000006, "_timestamp": 1694078395.854683, "_runtime": 369.7600448131561, "_step": 23}