{"Run reward": -0.8550000000000006, "_timestamp": 1693948694.8073444, "_runtime": 11.692635536193848, "_step": 0}