{"Run reward": 2.6199999999999966, "_timestamp": 1692867956.8771536, "_runtime": 66.45016765594482, "_step": 3}