{"Run reward": 0.6300000000000099, "_timestamp": 1695672560.0122635, "_runtime": 203.92317056655884, "_step": 3}