{"Run reward": -2.9299999999999953, "_timestamp": 1696671616.2552836, "_runtime": 370.9873995780945, "_step": 24}