{"Run reward": 6.5399999999999885, "_timestamp": 1696323737.3982892, "_runtime": 356.2653052806854, "_step": 12}