{"Run reward": 0.08, "_timestamp": 1692893110.011272, "_runtime": 105.26269388198853, "_step": 6}