{"Run reward": 45.940000000000076, "_timestamp": 1696084983.868948, "_runtime": 3977.4346549510956, "_step": 40}