{"Run reward": 3.8299999999999934, "_timestamp": 1693197892.4953427, "_runtime": 31550.393526792526, "_step": 2309, "_wandb": {"runtime": 31550}}