{"Run reward": 96.66186011571425, "_timestamp": 1694779225.39492, "_runtime": 277.95262122154236, "_step": 3}