{"Run reward": 42.03000000000049, "_timestamp": 1694683842.8326945, "_runtime": 507.1375024318695, "_step": 5}