{"Run reward": -1.310000000000001, "_timestamp": 1694860898.0915098, "_runtime": 11.306105852127075, "_step": 0}