{"Run reward": 2.039999999999991, "_timestamp": 1693975482.3504114, "_runtime": 26536.900710344315, "_step": 2007}