{"Run reward": 0.060000000000000005, "_timestamp": 1693341214.5576677, "_runtime": 54.539092779159546, "_step": 3}