{"Run reward": 0.5600000000000003, "_timestamp": 1692908342.1382723, "_runtime": 265.86436128616333, "_step": 19}