{"Run reward": -2.3399999999999994, "_timestamp": 1696672055.3538897, "_runtime": 394.33558678627014, "_step": 23}