{"Run reward": 167.4300000000003, "_timestamp": 1695763106.4363246, "_runtime": 154.03033566474915, "_step": 1}