{"Run reward": 0.3800000000000001, "_timestamp": 1696319218.085435, "_runtime": 65.11609888076782, "_step": 2}