{"Run reward": 134.700000000001, "_timestamp": 1695111321.429034, "_runtime": 198.04819297790527, "_step": 2}