{"Run reward": 3.209999999999997, "_timestamp": 1692824439.1984699, "_runtime": 179.21592497825623, "_step": 12}