{"Run reward": 33.821017792224936, "_timestamp": 1694776324.0215237, "_runtime": 150.73277163505554, "_step": 2}