{"Run reward": 7.699999999999993, "_timestamp": 1696322607.633422, "_runtime": 257.78867197036743, "_step": 13}