{"Run reward": 27.310000000000016, "_timestamp": 1693323941.7064798, "_runtime": 106.5814938545227, "_step": 3}