{"Run reward": 92.81000000000012, "_timestamp": 1695843928.203836, "_runtime": 2008.4153430461884, "_step": 12}