{"Run reward": 50.15000000000007, "_timestamp": 1695067038.217893, "_runtime": 475.1105999946594, "_step": 8}