{"Run reward": 10.569999999999956, "_timestamp": 1694173123.85211, "_runtime": 1221.5105619430542, "_step": 49}