{"Run reward": 0.22000000000000006, "_timestamp": 1693323424.245697, "_runtime": 14.620024919509888, "_step": 0}