{"Run reward": -12.19999999999995, "_timestamp": 1696154247.580001, "_runtime": 725.1920371055603, "_step": 21}