{"Run reward": 0.5400000000000003, "_timestamp": 1693389360.1618207, "_runtime": 640.4135217666626, "_step": 53}