{"Run reward": 0.09999999999999999, "_timestamp": 1694267685.3783157, "_runtime": 57.554993629455566, "_step": 4}