{"Run reward": 0.04, "_timestamp": 1693322848.8030515, "_runtime": 365.2224624156952, "_step": 28}