{"Run reward": 2.519999999999999, "_timestamp": 1693160727.9326694, "_runtime": 25.89442539215088, "_step": 1}