{"Run reward": 2.6100000000000008, "_timestamp": 1695416467.1465216, "_runtime": 90.4922444820404, "_step": 1}