{"Run reward": 61.870000000000104, "_timestamp": 1695195014.7913332, "_runtime": 99.08144617080688, "_step": 1}