{"Run reward": 158.53000000000037, "_timestamp": 1695762492.175594, "_runtime": 2393.9981541633606, "_step": 16}