{"Run reward": -2.0500000000000003, "_timestamp": 1696673195.6228602, "_runtime": 342.1571590900421, "_step": 18}