{"Run reward": 0.2400000000000001, "_timestamp": 1693903037.2613952, "_runtime": 493.03442311286926, "_step": 35}