{"Run reward": 77.20500000000017, "_timestamp": 1695115396.6873934, "_runtime": 329.17113041877747, "_step": 2}