{"Run reward": 0.3000000000000001, "_timestamp": 1693389835.3417308, "_runtime": 175.8044729232788, "_step": 6}