{"Run reward": -2.049780058651022, "_timestamp": 1694018898.130918, "_runtime": 33.329495906829834, "_step": 2}