{"Run reward": 3.869999999999985, "_timestamp": 1692867547.0971007, "_runtime": 36.81834268569946, "_step": 1}