{"Run reward": 0.34000000000000014, "_timestamp": 1692822299.3270333, "_runtime": 4672.550420284271, "_step": 252}