{"Run reward": 391.0499999999998, "_timestamp": 1695754091.625761, "_runtime": 36.74313998222351, "_step": 0}