{"Run reward": -1.9500000000000017, "_timestamp": 1696078331.5023377, "_runtime": 210.47171473503113, "_step": 4}