{"Run reward": 0.5900000000000003, "_timestamp": 1694187503.8635397, "_runtime": 149.86132979393005, "_step": 8}