{"Run reward": 10.89, "_timestamp": 1693387130.6329947, "_runtime": 89.47079753875732, "_step": 3}